Connector C,,,Anchor E,,,Connector K,,,Anchor M,,
X,Y,SPEED,X,Y,SPEED,X,Y,SPEED,X,Y,SPEED
-25.000000006249998,29.058828989583326,0.000000000000000,-44.999999958333326,5.000000054166666,0.000000000000000,-25.000000006249998,-10.084222804166666,0.000000000000000,-5.000000054166666,5.000000054166666,0.000000000000000
-25.000000006249998,28.702839982760413,10.679670204687426,-44.999999958333326,5.000000054166666,0.000000000000000,-25.000000006249994,-9.886746435831313,5.924291050060581,-5.000000054166666,5.000000054166666,0.000000000000000
-25.000000006249991,28.331137050100033,11.151087979811427,-44.999999958333326,5.000000054166666,0.000000000000000,-25.000000006249991,-9.700002007205304,5.602332858780260,-5.000000054166666,5.000000054166666,0.000000000000000
-25.000000006249994,27.944816840326219,11.589606293214402,-44.999999958333326,5.000000054166666,0.000000000000000,-25.000000006249998,-9.524595627803530,5.262191382053246,-5.000000054166666,5.000000054166666,0.000000000000000
-25.000000006250001,27.545080476430314,11.992090916877082,-44.999999958333326,5.000000054166666,0.000000000000000,-25.000000006249994,-9.361162693163356,4.902988039205218,-5.000000054166666,5.000000054166666,0.000000000000000
-25.000000006249984,27.133233910202147,12.355396986845046,-44.999999958333326,5.000000054166666,0.000000000000000,-25.000000006249998,-9.210368940947355,4.523812566480025,-5.000000054166666,5.000000054166666,0.000000000000000
-25.000000006250001,26.710687548627810,12.676390847230069,-44.999999958333326,5.000000054166666,0.000000000000000,-25.000000006250001,-9.072910914418728,4.123740795858795,-5.000000054166666,5.000000054166666,0.000000000000000
-25.000000006250005,26.278954982418561,12.951976986277527,-44.999999958333326,5.000000054166666,0.000000000000000,-25.000000006249994,-8.949515678098708,3.701857089600629,-5.000000054166666,5.000000054166666,0.000000000000000
-25.000000006250005,25.839650616749715,13.179130970065406,-44.999999958333326,5.000000054166666,0.000000000000000,-25.000000006250001,-8.840939609277688,3.257282064630556,-5.000000054166666,5.000000054166666,0.000000000000000
-25.000000006250001,25.394485974360727,13.354939271669611,-44.999999958333326,5.000000054166666,0.000000000000000,-25.000000006250001,-8.747966070101759,2.789206175277913,-5.000000054166666,5.000000054166666,0.000000000000000
-25.000000006249998,24.945264414282839,13.476646802336575,-44.999999958333326,5.000000054166666,0.000000000000000,-25.000000006250001,-8.671401750703218,2.296929581956214,-5.000000054166666,5.000000054166666,0.000000000000000
-25.000000006250001,24.493873989525909,13.541712742707990,-44.999999958333326,5.000000054166666,0.000000000000000,-25.000000006250001,-8.612071467536014,1.779908495016108,-5.000000054166666,5.000000054166666,0.000000000000000
-25.000000006250005,24.042278159205999,13.547874909597230,-44.999999958333326,5.000000054166666,0.000000000000000,-25.000000006250001,-8.570811206669173,1.237807826005233,-5.000000054166666,5.000000054166666,0.000000000000000
-25.000000006249998,23.592504081128666,13.493222342319960,-44.999999958333326,5.000000054166666,0.000000000000000,-25.000000006250001,-8.548459223773843,0.670559486859886,-5.000000054166666,5.000000054166666,0.000000000000000
-25.000000006250005,23.146628246883623,13.376275027351374,-44.999999958333326,5.000000054166666,0.000000000000000,-25.000000006250001,-8.545845055561397,0.078425046373411,-5.000000054166666,5.000000054166666,0.000000000000000
-25.000000006249994,22.706759290315006,13.196068697058458,-44.999999958333326,5.000000054166666,0.000000000000000,-25.000000006249998,-8.563776365690394,0.537939303869927,-5.000000054166666,5.000000054166666,0.000000000000000
-25.000000006249998,22.275017908023774,12.952241468736947,-44.999999958333326,5.000000054166666,0.000000000000000,-25.000000006249994,-8.603023644521643,1.177418364937495,-5.000000054166666,5.000000054166666,0.000000000000000
-25.000000006250001,21.853513980880514,12.645117814297800,-44.999999958333326,5.000000054166666,0.000000000000000,-25.000000006249998,-8.664302906997586,1.838377874278265,-5.000000054166666,5.000000054166666,0.000000000000000
-25.000000006249991,21.444321177269558,12.275784108328724,-44.999999958333326,5.000000054166666,0.000000000000000,-25.000000006249998,-8.748256683177409,2.518613285394712,-5.000000054166666,5.000000054166666,0.000000000000000
-25.000000006249994,21.049449544161263,11.846148993248827,-44.999999958333326,5.000000054166666,0.000000000000000,-25.000000006249998,-8.855433763753522,3.215312417283371,-5.000000054166666,5.000000054166666,0.000000000000000
-25.000000006249984,20.670816835167692,11.358981269807103,-44.999999958333326,5.000000054166666,0.000000000000000,-25.000000006249998,-8.986268335216788,3.925037143898015,-5.000000054166666,5.000000054166666,0.000000000000000
-25.000000006249984,20.310219561052463,10.817918223456923,-44.999999958333326,5.000000054166666,0.000000000000000,-25.000000006249994,-9.141059298392273,4.643728895264524,-5.000000054166666,5.000000054166666,0.000000000000000
-25.000000006249994,19.969304946439376,10.227438438392557,-44.999999958333326,5.000000054166666,0.000000000000000,-25.000000006249998,-9.319950688665600,5.366741708199763,-5.000000054166666,5.000000054166666,0.000000000000000
-25.000000006249994,19.649545102428721,9.592795320319651,-44.999999958333326,5.000000054166666,0.000000000000000,-25.000000006249998,-9.522914184634539,6.088904879068227,-5.000000054166666,5.000000054166666,0.000000000000000
-25.000000006249991,19.352214747230381,8.919910655950201,-44.999999958333326,5.000000054166666,0.000000000000000,-25.000000006249994,-9.749734685640369,6.804615030174889,-5.000000054166666,5.000000054166666,0.000000000000000
-25.000000006249994,19.078373704630700,8.215231277990481,-44.999999958333326,5.000000054166666,0.000000000000000,-25.000000006249994,-9.999999846482632,7.507954825267912,-5.000000054166666,5.000000054166666,0.000000000000000
-25.000000006249994,18.828855178580056,7.485555781519332,-44.999999958333326,5.000000054166666,0.000000000000000,-25.000000006249994,-10.273094279217910,8.192832982058324,-5.000000054166666,5.000000054166666,0.000000000000000
-25.000000006249998,18.604260457240283,6.737841640193142,-44.999999958333326,5.000000054166666,0.000000000000000,-25.000000006250001,-10.568198879447440,8.853138006885882,-5.000000054166666,5.000000054166666,0.000000000000000
-25.000000006249991,18.404960277097288,5.979005404289889,-44.999999958333326,5.000000054166666,0.000000000000000,-25.000000006249994,-10.884295431875783,9.482896572850315,-5.000000054166666,5.000000054166666,0.000000000000000
-25.000000006249998,18.231102627310133,5.215729493614668,-44.999999958333326,5.000000054166666,0.000000000000000,-25.000000006249998,-11.220176329581257,10.076426931164189,-5.000000054166666,5.000000054166666,0.000000000000000
-25.000000006250001,18.082626351704544,4.454288268167588,-44.999999958333326,5.000000054166666,0.000000000000000,-25.000000006249998,-11.574458938845774,10.628478277935509,-5.000000054166666,5.000000054166666,0.000000000000000
-25.000000006250001,17.959279560812558,3.700403726759626,-44.999999958333326,5.000000054166666,0.000000000000000,-25.000000006249994,-11.945603888954999,11.134348503276774,-5.000000054166666,5.000000054166666,0.000000000000000
-25.000000006249984,17.860641634740780,2.959137782153321,-44.999999958333326,5.000000054166666,0.000000000000000,-25.000000006249998,-12.331936388065095,11.589974973302867,-5.000000054166666,5.000000054166666,0.000000000000000
-25.000000006249984,17.786147495241103,2.234824184990293,-44.999999958333326,5.000000054166666,0.000000000000000,-25.000000006250001,-12.731669574198586,11.991995584004711,-5.000000054166666,5.000000054166666,0.000000000000000
-25.000000006250001,17.735112847611791,1.531039428879444,-44.999999958333326,5.000000054166666,0.000000000000000,-25.000000006250001,-13.142928904298197,12.337779902988336,-5.000000054166666,5.000000054166666,0.000000000000000
-25.000000006249991,17.706759218846212,0.850608862967361,-44.999999958333326,5.000000054166666,0.000000000000000,-25.000000006250001,-13.563776652856575,12.625432456751330,-5.000000054166666,5.000000054166666,0.000000000000000
-25.000000006249991,17.700237816519365,0.195642069805375,-44.999999958333326,5.000000054166666,0.000000000000000,-25.000000006250001,-13.992235716439707,12.853771907493998,-5.000000054166666,5.000000054166666,0.000000000000000
-25.000000006250005,17.714651468986709,0.432409574020352,-44.999999958333326,5.000000054166666,0.000000000000000,-25.000000006250001,-14.426312079706964,13.022290898017705,-5.000000054166666,5.000000054166666,0.000000000000000
-25.000000006249994,17.749074150272833,1.032680438583628,-44.999999958333326,5.000000054166666,0.000000000000000,-25.000000006249998,-14.864015471127493,13.131101742615849,-5.000000054166666,5.000000054166666,0.000000000000000
-25.000000006249994,17.802567818121876,1.604810035471333,-44.999999958333326,5.000000054166666,0.000000000000000,-25.000000006250005,-15.303377904669988,13.180873006274872,-5.000000054166666,5.000000054166666,0.000000000000000
-25.000000006250001,17.874196485115192,2.148860009799480,-44.999999958333326,5.000000054166666,0.000000000000000,-25.000000006250001,-15.742469954305029,13.172761489051258,-5.000000054166666,5.000000054166666,0.000000000000000
-25.000000006250001,17.963037592753114,2.665233229137631,-44.999999958333326,5.000000054166666,0.000000000000000,-25.000000006249998,-16.179414733387972,13.108343372488285,-5.000000054166666,5.000000054166666,0.000000000000000
-25.000000006249998,18.068190865834165,3.154598192431601,-44.999999958333326,5.000000054166666,0.000000000000000,-25.000000006250001,-16.612399647706891,12.989547429567542,-5.000000054166666,5.000000054166666,0.000000000000000
-25.000000006250016,18.188784892896205,3.617820811861185,-44.999999958333326,5.000000054166666,0.000000000000000,-25.000000006250009,-17.039686059618454,12.818592357346896,-5.000000054166666,5.000000054166666,0.000000000000000
-25.000000006250001,18.323981714124919,4.055904636861438,-44.999999958333326,5.000000054166666,0.000000000000000,-25.000000006250001,-17.459617044114943,12.597929534894622,-5.000000054166666,5.000000054166666,0.000000000000000
-25.000000006249991,18.472979708250410,4.469939823764653,-44.999999958333326,5.000000054166666,0.000000000000000,-25.000000006250001,-17.870623440068069,12.330191878593871,-5.000000054166666,5.000000054166666,0.000000000000000
-25.000000006250009,18.635015061662067,4.861060602349797,-44.999999958333326,5.000000054166666,0.000000000000000,-25.000000006249998,-18.271228405925896,12.018148975734803,-5.000000054166666,5.000000054166666,0.000000000000000
-25.000000006249998,18.809362082582453,5.230410627611547,-44.999999958333326,5.000000054166666,0.000000000000000,-25.000000006249998,-18.660050683287949,11.664668320861582,-5.000000054166666,5.000000054166666,0.000000000000000
-25.000000006249994,18.995332595781079,5.579115395958773,-44.999999958333326,5.000000054166666,0.000000000000000,-25.000000006250001,-19.035806758003925,11.272682241479250,-5.000000054166666,5.000000054166666,0.000000000000000
-25.000000006249998,19.192274622893851,5.908260813383206,-44.999999958333326,5.000000054166666,0.000000000000000,-25.000000006250001,-19.397312089980446,10.845159959295598,-5.000000054166666,5.000000054166666,0.000000000000000
-25.000000006249998,19.399570522724453,6.218876994918038,-44.999999958333326,5.000000054166666,0.000000000000000,-25.000000006249991,-19.743481562245165,10.385084167941644,-5.000000054166666,5.000000054166666,0.000000000000000
-25.000000006249994,19.616634736774259,6.511926421494169,-44.999999958333326,5.000000054166666,0.000000000000000,-25.000000006250012,-20.073329278831206,9.895431497581166,-5.000000054166666,5.000000054166666,0.000000000000000
-25.000000006249994,19.842911258766314,6.788295659761630,-44.999999958333326,5.000000054166666,0.000000000000000,-25.000000006249991,-20.385967820945726,9.379156263435648,-5.000000054166666,5.000000054166666,0.000000000000000
-25.000000006249998,20.077870923633462,7.048789946014469,-44.999999958333326,5.000000054166666,0.000000000000000,-25.000000006249984,-20.680607052444010,8.839176944948511,-5.000000054166666,5.000000054166666,0.000000000000000
-25.000000006250001,20.321008591484890,7.294130035542807,-44.999999958333326,5.000000054166666,0.000000000000000,-25.000000006250012,-20.956552549258486,8.278364904434289,-5.000000054166666,5.000000054166666,0.000000000000000
-25.000000006249994,20.571840285350675,7.524950815973554,-44.999999958333326,5.000000054166666,0.000000000000000,-25.000000006249998,-21.213203713291961,7.699534921004206,-5.000000054166666,5.000000054166666,0.000000000000000
-25.000000006250001,20.829900327784728,7.741801273021562,-44.999999958333326,5.000000054166666,0.000000000000000,-25.000000006249998,-21.450051619356657,7.105437181940895,-5.000000054166666,5.000000054166666,0.000000000000000
-25.000000006250005,21.094738510357956,7.945145477196928,-44.999999958333326,5.000000054166666,0.000000000000000,-25.000000006250005,-21.666676633901940,6.498750436358496,-5.000000054166666,5.000000054166666,0.000000000000000
-25.000000006250005,21.365917321344750,8.135364329603703,-44.999999958333326,5.000000054166666,0.000000000000000,-25.000000006250012,-21.862745836333790,5.882076072955518,-5.000000054166666,5.000000054166666,0.000000000000000
-25.000000006250005,21.643009250149792,8.312757864151290,-44.999999958333326,5.000000054166666,0.000000000000000,-25.000000006250012,-22.038010267469001,5.257932934056317,-5.000000054166666,5.000000054166666,0.000000000000000
-25.000000006250001,21.925594181913439,8.477547952909479,-44.999999958333326,5.000000054166666,0.000000000000000,-25.000000006250001,-22.192302024860165,4.628752721734893,-5.000000054166666,5.000000054166666,0.000000000000000
-25.000000006250001,22.213256891981214,8.629881302033157,-44.999999958333326,5.000000054166666,0.000000000000000,-25.000000006249998,-22.325531221156755,3.996875888897668,-5.000000054166666,5.000000054166666,0.000000000000000
-25.000000006250001,22.505584647269519,8.769832658649189,-44.999999958333326,5.000000054166666,0.000000000000000,-25.000000006249994,-22.437682819127254,3.364547939115004,-5.000000054166666,5.000000054166666,0.000000000000000
-25.000000006250005,22.802164919784708,8.897408175455647,-44.999999958333326,5.000000054166666,0.000000000000000,-25.000000006250005,-22.528813355276775,2.733916084485585,-5.000000054166666,5.000000054166666,0.000000000000000
-25.000000006250001,23.102583216469647,9.012548900548214,-44.999999958333326,5.000000054166666,0.000000000000000,-25.000000006249998,-22.599047562988609,2.107026231355074,-5.000000054166666,5.000000054166666,0.000000000000000
-25.000000006250001,23.406421029002715,9.115134375992046,-44.999999958333326,5.000000054166666,0.000000000000000,-25.000000006250009,-22.648574905657959,1.485820280080545,-5.000000054166666,5.000000054166666,0.000000000000000
-25.000000006250001,23.713253907027415,9.204986340740957,-44.999999958333326,5.000000054166666,0.000000000000000,-25.000000006249991,-22.677646030245363,0.872133737622058,-5.000000054166666,5.000000054166666,0.000000000000000
-25.000000006250005,24.022649658436638,9.281872542276714,-44.999999958333326,5.000000054166666,0.000000000000000,-25.000000006249994,-22.686569151954828,0.267693651283947,-5.000000054166666,5.000000054166666,0.000000000000000
-25.000000006250001,24.334166680683150,9.345510667395388,-44.999999958333326,5.000000054166666,0.000000000000000,-25.000000006249991,-22.675706381242424,0.325883121372060,-5.000000054166666,5.000000054166666,0.000000000000000
-25.000000006249998,24.647352427560023,9.395572406306160,-44.999999958333326,5.000000054166666,0.000000000000000,-25.000000006249994,-22.645470005011514,0.907091286927296,-5.000000054166666,5.000000054166666,0.000000000000000
-25.000000006249994,24.961742016429231,9.431687666076241,-44.999999958333326,5.000000054166666,0.000000000000000,-25.000000006249991,-22.596318734582265,1.474538112877452,-5.000000054166666,5.000000054166666,0.000000000000000
-25.000000006250005,25.276856981418668,9.453448949683162,-44.999999958333326,5.000000054166666,0.000000000000000,-25.000000006250001,-22.528753933779619,2.026944024079399,-5.000000054166666,5.000000054166666,0.000000000000000
-25.000000006250005,25.592204178614708,9.460415915881171,-44.999999958333326,5.000000054166666,0.000000000000000,-25.000000006249998,-22.443315841217267,2.563142776870585,-5.000000054166666,5.000000054166666,0.000000000000000
-25.000000006249998,25.907274849709829,9.452120132853596,-44.999999958333326,5.000000054166666,0.000000000000000,-25.000000006249998,-22.340579801524218,3.082081190791524,-5.000000054166666,5.000000054166666,0.000000000000000
-25.000000006250005,26.221543850894189,9.428070035530835,-44.999999958333326,5.000000054166666,0.000000000000000,-25.000000006250005,-22.221152520829811,3.582818420832192,-5.000000054166666,5.000000054166666,0.000000000000000
-25.000000006250001,26.534469053978885,9.387756092540853,-44.999999958333326,5.000000054166666,0.000000000000000,-25.000000006249991,-22.085668362265203,4.064524756938235,-5.000000054166666,5.000000054166666,0.000000000000000
-25.000000006250005,26.845490926789839,9.330656184328655,-44.999999958333326,5.000000054166666,0.000000000000000,-25.000000006249998,-21.934785697529321,4.526479942076471,-5.000000054166666,5.000000054166666,0.000000000000000
-25.000000006249998,27.154032299757439,9.256241189028028,-44.999999958333326,5.000000054166666,0.000000000000000,-25.000000006249991,-21.769183330689028,4.968071005208756,-5.000000054166666,5.000000054166666,0.000000000000000
-25.000000006250001,27.459498325340547,9.163980767493165,-44.999999958333326,5.000000054166666,0.000000000000000,-25.000000006249998,-21.589557010322427,5.388789610998026,-5.000000054166666,5.000000054166666,0.000000000000000
-25.000000006249998,27.761276636458188,9.053349333529232,-44.999999958333326,5.000000054166666,0.000000000000000,-25.000000006249994,-21.396616045864398,5.788228933740892,-5.000000054166666,5.000000054166666,0.000000000000000
-25.000000006250005,28.058737709458153,8.923832189998999,-44.999999958333326,5.000000054166666,0.000000000000000,-25.000000006249991,-21.191080043571166,6.166080068796945,-5.000000054166666,5.000000054166666,0.000000000000000
-25.000000006250005,28.351235436333837,8.774931806270480,-44.999999958333326,5.000000054166666,0.000000000000000,-25.000000006249994,-20.973675776888665,6.522128000475035,-5.000000054166666,5.000000054166666,0.000000000000000
-25.000000006249998,28.638107909917338,8.606174207505003,-44.999999958333326,5.000000054166666,0.000000000000000,-25.000000006249994,-20.745134205194709,6.856247150818706,-5.000000054166666,5.000000054166666,0.000000000000000
-25.000000006249998,28.918678424642902,8.417115441766995,-44.999999958333326,5.000000054166666,0.000000000000000,-25.000000006249991,-20.506187653899406,7.168396538859064,-5.000000054166666,5.000000054166666,0.000000000000000
-25.000000006250005,29.192256694206389,8.207348086904547,-44.999999958333326,5.000000054166666,0.000000000000000,-25.000000006249994,-20.257567167746938,7.458614584574089,-5.000000054166666,5.000000054166666,0.000000000000000
-25.000000006250001,29.458140286066527,7.976507755804208,-44.999999958333326,5.000000054166666,0.000000000000000,-25.000000006249991,-20.000000047885855,7.727013595832396,-5.000000054166666,5.000000054166666,0.000000000000000
-25.000000006250001,29.715616271266136,7.724279555988267,-44.999999958333326,5.000000054166666,0.000000000000000,-25.000000006249984,-19.734207581886487,7.973773979981132,-5.000000054166666,5.000000054166666,0.000000000000000
-25.000000006250001,29.963963086523222,7.450404457712585,-44.999999958333326,5.000000054166666,0.000000000000000,-25.000000006250005,-19.460902974408885,8.199138224328046,-5.000000054166666,5.000000054166666,0.000000000000000
-25.000000006250005,30.202452603983449,7.154685523806762,-44.999999958333326,5.000000054166666,0.000000000000000,-25.000000006249984,-19.180789484691442,8.403404691523306,-5.000000054166666,5.000000054166666,0.000000000000000
-25.000000006249998,30.430352402465690,6.836993954467217,-44.999999958333326,5.000000054166666,0.000000000000000,-25.000000006249998,-18.894558775467104,8.586921276730061,-5.000000054166666,5.000000054166666,0.000000000000000
-25.000000006249994,30.646928232503196,6.497274901125231,-44.999999958333326,5.000000054166666,0.000000000000000,-25.000000006249998,-18.602889476350743,8.750078973490867,-5.000000054166666,5.000000054166666,0.000000000000000
-25.000000006249994,30.851446666013853,6.135553005319646,-44.999999958333326,5.000000054166666,0.000000000000000,-25.000000006249984,-18.306445963207885,8.893305394285752,-5.000000054166666,5.000000054166666,0.000000000000000
-25.000000006249998,31.043177920053768,5.751937621197517,-44.999999958333326,5.000000054166666,0.000000000000000,-25.000000006249991,-18.005877353537535,9.017058290110485,-5.000000054166666,5.000000054166666,0.000000000000000
-25.000000006250001,31.221398842845748,5.346627683759317,-44.999999958333326,5.000000054166666,0.000000000000000,-25.000000006250005,-17.701816716508514,9.121819110870620,-5.000000054166666,5.000000054166666,0.000000000000000
-25.000000006250005,31.385396049151829,4.919916189182523,-44.999999958333326,5.000000054166666,0.000000000000000,-25.000000006250009,-17.394880495001960,9.208086645196577,-5.000000054166666,5.000000054166666,0.000000000000000
-25.000000006249998,31.534469191099774,4.472194258438341,-44.999999958333326,5.000000054166666,0.000000000000000,-25.000000006249984,-17.085668135851893,9.276370774502050,-5.000000054166666,5.000000054166666,0.000000000000000
-25.000000006250005,31.667934349792024,4.003954760767473,-44.999999958333326,5.000000054166666,0.000000000000000,-25.000000006249998,-16.774761923459163,9.327186371781892,-5.000000054166666,5.000000054166666,0.000000000000000
-25.000000006250005,31.785127532437599,3.515795479367274,-44.999999958333326,5.000000054166666,0.000000000000000,-25.000000006249984,-16.462727011092344,9.361047371004616,-5.000000054166666,5.000000054166666,0.000000000000000
-25.000000006249998,31.885408259359416,3.008421807654423,-44.999999958333326,5.000000054166666,0.000000000000000,-25.000000006249991,-16.150111643490835,9.378461028045212,-5.000000054166666,5.000000054166666,0.000000000000000
-25.000000006249994,31.968163225046485,2.482648970612084,-44.999999958333326,5.000000054166666,0.000000000000000,-25.000000006249991,-15.837447563852869,9.379922389138988,-5.000000054166666,5.000000054166666,0.000000000000000
-25.000000006250001,32.032810017441065,1.939403771837533,-44.999999958333326,5.000000054166666,0.000000000000000,-25.000000006250012,-15.525250597923826,9.365908977871340,-5.000000054166666,5.000000054166666,0.000000000000000
-25.000000006249998,32.078800879869398,1.379725872849846,-44.999999958333326,5.000000054166666,0.000000000000000,-25.000000006249980,-15.214021407688897,9.336875707047861,-5.000000054166666,5.000000054166666,0.000000000000000
-25.000000006249998,32.105626500430219,0.804768616824782,-44.999999958333326,5.000000054166666,0.000000000000000,-25.000000006249998,-14.904246407110625,9.293250017348157,-5.000000054166666,5.000000054166666,0.000000000000000
-25.000000006250005,32.112819814232552,0.215799414069988,-44.999999958333326,5.000000054166666,0.000000000000000,-25.000000006250005,-14.596398832414536,9.235427240882622,-5.000000054166666,5.000000054166666,0.000000000000000
-25.000000006249998,32.099959804602058,0.385800288915000,-44.999999958333326,5.000000054166666,0.000000000000000,-25.000000006249998,-14.290939959597905,9.163766184498966,-5.000000054166666,5.000000054166666,0.000000000000000
-25.000000006250005,32.066675290227714,0.998535431230274,-44.999999958333326,5.000000054166666,0.000000000000000,-25.000000006249994,-13.988320462085069,9.078584925385096,-5.000000054166666,5.000000054166666,0.000000000000000
-25.000000006249998,32.012648686165427,1.620798121868472,-44.999999958333326,5.000000054166666,0.000000000000000,-25.000000006250005,-13.688981901748159,8.980156810107271,-5.000000054166666,5.000000054166666,0.000000000000000
-25.000000006249994,31.937619727614511,2.250868756527535,-44.999999958333326,5.000000054166666,0.000000000000000,-25.000000006250001,-13.393358346811608,8.868706648096516,-5.000000054166666,5.000000054166666,0.000000000000000
-25.000000006250009,31.841389146389986,2.886917436735827,-44.999999958333326,5.000000054166666,0.000000000000000,-25.000000006250001,-13.101878110417511,8.744407091822950,-5.000000054166666,5.000000054166666,0.000000000000000
-25.000000006250005,31.723822290975537,3.527005662433468,-44.999999958333326,5.000000054166666,0.000000000000000,-25.000000006250001,-12.814965603789537,8.607375198839220,-5.000000054166666,5.000000054166666,0.000000000000000
-25.000000006250001,31.584852681891757,4.169088272513320,-44.999999958333326,5.000000054166666,0.000000000000000,-25.000000006250012,-12.533043297932210,8.457669175719818,-5.000000054166666,5.000000054166666,0.000000000000000
-25.000000006250001,31.424485494775745,4.811015613480450,-44.999999958333326,5.000000054166666,0.000000000000000,-25.000000006249991,-12.256533787562917,8.295285311078770,-5.000000054166666,5.000000054166666,0.000000000000000
-25.000000006250001,31.242800963948742,5.450535924810006,-44.999999958333326,5.000000054166666,0.000000000000000,-25.000000006249998,-11.985861950407882,8.120155114651036,-5.000000054166666,5.000000054166666,0.000000000000000
-25.000000006250001,31.039957699235746,6.085297941389943,-44.999999958333326,5.000000054166666,0.000000000000000,-25.000000006249994,-11.721457193994455,7.932142692402806,-5.000000054166666,5.000000054166666,0.000000000000000
-25.000000006249998,30.816195908263154,6.712853729177689,-44.999999958333326,5.000000054166666,0.000000000000000,-25.000000006249998,-11.463755780523043,7.731042404142404,-5.000000054166666,5.000000054166666,0.000000000000000
-25.000000006249994,30.571840515237877,7.330661790758392,-44.999999958333326,5.000000054166666,0.000000000000000,-25.000000006250005,-11.213203218157487,7.516576870966660,-5.000000054166666,5.000000054166666,0.000000000000000
-25.000000006249998,30.307304165115191,7.936090503680532,-44.999999958333326,5.000000054166666,0.000000000000000,-25.000000006249994,-10.970256703976283,7.288395425436095,-5.000000054166666,5.000000054166666,0.000000000000000
-25.000000006249994,30.023090098871112,8.526421987322333,-44.999999958333326,5.000000054166666,0.000000000000000,-25.000000006249994,-10.735387599694109,7.046073128465234,-5.000000054166666,5.000000054166666,0.000000000000000
-25.000000006249991,29.719794881050330,9.098856534623506,-44.999999958333326,5.000000054166666,0.000000000000000,-25.000000006249991,-10.509083915892887,6.789110514036625,-5.000000054166666,5.000000054166666,0.000000000000000
-25.000000006249998,29.398110954568544,9.650517794453611,-44.999999958333326,5.000000054166666,0.000000000000000,-25.000000006249984,-10.291852773677453,6.516934266463048,-5.000000054166666,5.000000054166666,0.000000000000000
-25.000000006250001,29.058828989583329,10.178458949556395,-44.999999958333326,5.000000054166666,0.000000000000000,-25.000000006249998,-10.084222804166668,6.228899085323569,-5.000000054166666,5.000000054166666,0.000000000000000
-25.000000006249998,28.702839982760413,10.679670204687538,-44.999999958333326,5.000000054166666,0.000000000000000,-25.000000006249994,-9.886746435831313,5.924291050060638,-5.000000054166666,5.000000054166666,0.000000000000000
-25.000000006249991,28.331137050100033,11.151087979811427,-44.999999958333326,5.000000054166666,0.000000000000000,-25.000000006249994,-9.700002007205308,5.602332858780147,-5.000000054166666,5.000000054166666,0.000000000000000
-25.000000006249994,27.944816840326219,11.589606293214402,-44.999999958333326,5.000000054166666,0.000000000000000,-25.000000006249998,-9.524595627803530,5.262191382053358,-5.000000054166666,5.000000054166666,0.000000000000000
-25.000000006250001,27.545080476430318,11.992090916876968,-44.999999958333326,5.000000054166666,0.000000000000000,-25.000000006249998,-9.361162693163358,4.902988039205161,-5.000000054166666,5.000000054166666,0.000000000000000
-25.000000006249984,27.133233910202147,12.355396986845157,-44.999999958333326,5.000000054166666,0.000000000000000,-25.000000006249998,-9.210368940947358,4.523812566479968,-5.000000054166666,5.000000054166666,0.000000000000000
-25.000000006250001,26.710687548627806,12.676390847230183,-44.999999958333326,5.000000054166666,0.000000000000000,-25.000000006250001,-9.072910914418726,4.123740795858964,-5.000000054166666,5.000000054166666,0.000000000000000
-25.000000006250005,26.278954982418561,12.951976986277415,-44.999999958333326,5.000000054166666,0.000000000000000,-25.000000006249994,-8.949515678098708,3.701857089600573,-5.000000054166666,5.000000054166666,0.000000000000000
-25.000000006250005,25.839650616749715,13.179130970065406,-44.999999958333326,5.000000054166666,0.000000000000000,-25.000000006250001,-8.840939609277688,3.257282064630556,-5.000000054166666,5.000000054166666,0.000000000000000
-25.000000006250001,25.394485974360727,13.354939271669611,-44.999999958333326,5.000000054166666,0.000000000000000,-25.000000006250005,-8.747966070101763,2.789206175277800,-5.000000054166666,5.000000054166666,0.000000000000000
-25.000000006249998,24.945264414282839,13.476646802336575,-44.999999958333326,5.000000054166666,0.000000000000000,-25.000000006250001,-8.671401750703222,2.296929581956214,-5.000000054166666,5.000000054166666,0.000000000000000
-25.000000006250001,24.493873989525898,13.541712742708214,-44.999999958333326,5.000000054166666,0.000000000000000,-25.000000006250001,-8.612071467536017,1.779908495016108,-5.000000054166666,5.000000054166666,0.000000000000000
-25.000000006250005,24.042278159205999,13.547874909597006,-44.999999958333326,5.000000054166666,0.000000000000000,-25.000000006250001,-8.570811206669172,1.237807826005403,-5.000000054166666,5.000000054166666,0.000000000000000
-25.000000006249998,23.592504081128663,13.493222342320074,-44.999999958333326,5.000000054166666,0.000000000000000,-25.000000006250001,-8.548459223773843,0.670559486859830,-5.000000054166666,5.000000054166666,0.000000000000000
-25.000000006250005,23.146628246883623,13.376275027351262,-44.999999958333326,5.000000054166666,0.000000000000000,-25.000000006250001,-8.545845055561397,0.078425046373411,-5.000000054166666,5.000000054166666,0.000000000000000
-25.000000006249994,22.706759290315009,13.196068697058344,-44.999999958333326,5.000000054166666,0.000000000000000,-25.000000006249998,-8.563776365690391,0.537939303869814,-5.000000054166666,5.000000054166666,0.000000000000000
-25.000000006250005,22.275017908023781,12.952241468736947,-44.999999958333326,5.000000054166666,0.000000000000000,-25.000000006249998,-8.603023644521635,1.177418364937326,-5.000000054166666,5.000000054166666,0.000000000000000
-25.000000006249994,21.853513980880493,12.645117814298590,-44.999999958333326,5.000000054166666,0.000000000000000,-25.000000006249998,-8.664302906997577,1.838377874278265,-5.000000054166666,5.000000054166666,0.000000000000000
-25.000000006249991,21.444321177269558,12.275784108328047,-44.999999958333326,5.000000054166666,0.000000000000000,-25.000000006249998,-8.748256683177413,2.518613285395106,-5.000000054166666,5.000000054166666,0.000000000000000
-25.000000006249994,21.049449544161263,11.846148993248827,-44.999999958333326,5.000000054166666,0.000000000000000,-25.000000006249998,-8.855433763753522,3.215312417283258,-5.000000054166666,5.000000054166666,0.000000000000000
-25.000000006249984,20.670816835167685,11.358981269807330,-44.999999958333326,5.000000054166666,0.000000000000000,-25.000000006249998,-8.986268335216790,3.925037143898071,-5.000000054166666,5.000000054166666,0.000000000000000
-25.000000006249991,20.310219561052484,10.817918223456019,-44.999999958333326,5.000000054166666,0.000000000000000,-25.000000006249994,-9.141059298392289,4.643728895264918,-5.000000054166666,5.000000054166666,0.000000000000000
-25.000000006249991,19.969304946439372,10.227438438393348,-44.999999958333326,5.000000054166666,0.000000000000000,-25.000000006249994,-9.319950688665603,5.366741708199425,-5.000000054166666,5.000000054166666,0.000000000000000
-25.000000006249994,19.649545102428718,9.592795320319651,-44.999999958333326,5.000000054166666,0.000000000000000,-25.000000006249998,-9.522914184634548,6.088904879068340,-5.000000054166666,5.000000054166666,0.000000000000000
-25.000000006249994,19.352214747230381,8.919910655950089,-44.999999958333326,5.000000054166666,0.000000000000000,-25.000000006249994,-9.749734685640369,6.804615030174664,-5.000000054166666,5.000000054166666,0.000000000000000
-25.000000006249994,19.078373704630703,8.215231277990368,-44.999999958333326,5.000000054166666,0.000000000000000,-25.000000006249994,-9.999999846482631,7.507954825267856,-5.000000054166666,5.000000054166666,0.000000000000000
-25.000000006249994,18.828855178580053,7.485555781519557,-44.999999958333326,5.000000054166666,0.000000000000000,-25.000000006249994,-10.273094279217915,8.192832982058492,-5.000000054166666,5.000000054166666,0.000000000000000
-25.000000006249998,18.604260457240290,6.737841640192802,-44.999999958333326,5.000000054166666,0.000000000000000,-25.000000006250001,-10.568198879447435,8.853138006885601,-5.000000054166666,5.000000054166666,0.000000000000000
-25.000000006249991,18.404960277097292,5.979005404290001,-44.999999958333326,5.000000054166666,0.000000000000000,-25.000000006249994,-10.884295431875778,9.482896572850315,-5.000000054166666,5.000000054166666,0.000000000000000
-25.000000006249998,18.231102627310136,5.215729493614668,-44.999999958333326,5.000000054166666,0.000000000000000,-25.000000006249998,-11.220176329581257,10.076426931164358,-5.000000054166666,5.000000054166666,0.000000000000000
-25.000000006250001,18.082626351704544,4.454288268167701,-44.999999958333326,5.000000054166666,0.000000000000000,-25.000000006249998,-11.574458938845771,10.628478277935452,-5.000000054166666,5.000000054166666,0.000000000000000
-25.000000006249991,17.959279560812533,3.700403726760416,-44.999999958333326,5.000000054166666,0.000000000000000,-25.000000006249994,-11.945603888954997,11.134348503276774,-5.000000054166666,5.000000054166666,0.000000000000000
-25.000000006249994,17.860641634740805,2.959137782151855,-44.999999958333326,5.000000054166666,0.000000000000000,-25.000000006249994,-12.331936388065108,11.589974973303319,-5.000000054166666,5.000000054166666,0.000000000000000
-25.000000006249998,17.786147495241135,2.234824184990067,-44.999999958333326,5.000000054166666,0.000000000000000,-25.000000006250001,-12.731669574198586,11.991995584004316,-5.000000054166666,5.000000054166666,0.000000000000000
-25.000000006250001,17.735112847611799,1.531039428880120,-44.999999958333326,5.000000054166666,0.000000000000000,-25.000000006250001,-13.142928904298193,12.337779902988224,-5.000000054166666,5.000000054166666,0.000000000000000
-25.000000006249998,17.706759218846216,0.850608862967474,-44.999999958333326,5.000000054166666,0.000000000000000,-25.000000006249998,-13.563776652856557,12.625432456750934,-5.000000054166666,5.000000054166666,0.000000000000000
-25.000000006249991,17.700237816519369,0.195642069805375,-44.999999958333326,5.000000054166666,0.000000000000000,-25.000000006250001,-13.992235716439703,12.853771907494394,-5.000000054166666,5.000000054166666,0.000000000000000
-25.000000006250005,17.714651468986709,0.432409574020239,-44.999999958333326,5.000000054166666,0.000000000000000,-25.000000006250001,-14.426312079706960,13.022290898017705,-5.000000054166666,5.000000054166666,0.000000000000000
-25.000000006249994,17.749074150272833,1.032680438583628,-44.999999958333326,5.000000054166666,0.000000000000000,-25.000000006249998,-14.864015471127493,13.131101742615961,-5.000000054166666,5.000000054166666,0.000000000000000
-25.000000006249994,17.802567818121876,1.604810035471333,-44.999999958333326,5.000000054166666,0.000000000000000,-25.000000006250005,-15.303377904669993,13.180873006275039,-5.000000054166666,5.000000054166666,0.000000000000000
-25.000000006249998,17.874196485115196,2.148860009799593,-44.999999958333326,5.000000054166666,0.000000000000000,-25.000000006250001,-15.742469954305031,13.172761489051144,-5.000000054166666,5.000000054166666,0.000000000000000
-25.000000006250001,17.963037592753114,2.665233229137518,-44.999999958333326,5.000000054166666,0.000000000000000,-25.000000006250001,-16.179414733387965,13.108343372487944,-5.000000054166666,5.000000054166666,0.000000000000000
-25.000000006249998,18.068190865834161,3.154598192431488,-44.999999958333326,5.000000054166666,0.000000000000000,-25.000000006250001,-16.612399647706894,12.989547429567939,-5.000000054166666,5.000000054166666,0.000000000000000
-25.000000006249998,18.188784892896184,3.617820811860621,-44.999999958333326,5.000000054166666,0.000000000000000,-25.000000006250009,-17.039686059618457,12.818592357346896,-5.000000054166666,5.000000054166666,0.000000000000000
-25.000000006250001,18.323981714124919,4.055904636862115,-44.999999958333326,5.000000054166666,0.000000000000000,-25.000000006250005,-17.459617044114946,12.597929534894622,-5.000000054166666,5.000000054166666,0.000000000000000
-25.000000006250009,18.472979708250431,4.469939823765330,-44.999999958333326,5.000000054166666,0.000000000000000,-25.000000006250001,-17.870623440068069,12.330191878593761,-5.000000054166666,5.000000054166666,0.000000000000000
-25.000000006249984,18.635015061662056,4.861060602348782,-44.999999958333326,5.000000054166666,0.000000000000000,-25.000000006249998,-18.271228405925900,12.018148975734917,-5.000000054166666,5.000000054166666,0.000000000000000
-25.000000006249998,18.809362082582453,5.230410627611885,-44.999999958333326,5.000000054166666,0.000000000000000,-25.000000006249998,-18.660050683287945,11.664668320861354,-5.000000054166666,5.000000054166666,0.000000000000000
-25.000000006249994,18.995332595781079,5.579115395958773,-44.999999958333326,5.000000054166666,0.000000000000000,-25.000000006250001,-19.035806758003925,11.272682241479362,-5.000000054166666,5.000000054166666,0.000000000000000
-25.000000006249991,19.192274622893851,5.908260813383206,-44.999999958333326,5.000000054166666,0.000000000000000,-25.000000006250001,-19.397312089980449,10.845159959295712,-5.000000054166666,5.000000054166666,0.000000000000000
-25.000000006249998,19.399570522724456,6.218876994918151,-44.999999958333326,5.000000054166666,0.000000000000000,-25.000000006249991,-19.743481562245165,10.385084167941530,-5.000000054166666,5.000000054166666,0.000000000000000
-25.000000006249994,19.616634736774262,6.511926421494169,-44.999999958333326,5.000000054166666,0.000000000000000,-25.000000006250005,-20.073329278831206,9.895431497581166,-5.000000054166666,5.000000054166666,0.000000000000000
-25.000000006249994,19.842911258766314,6.788295659761518,-44.999999958333326,5.000000054166666,0.000000000000000,-25.000000006249991,-20.385967820945726,9.379156263435648,-5.000000054166666,5.000000054166666,0.000000000000000
-25.000000006249998,20.077870923633455,7.048789946014243,-44.999999958333326,5.000000054166666,0.000000000000000,-25.000000006249984,-20.680607052444014,8.839176944948624,-5.000000054166666,5.000000054166666,0.000000000000000
-25.000000006250001,20.321008591484890,7.294130035543033,-44.999999958333326,5.000000054166666,0.000000000000000,-25.000000006250012,-20.956552549258486,8.278364904434175,-5.000000054166666,5.000000054166666,0.000000000000000
-25.000000006250001,20.571840285350671,7.524950815973440,-44.999999958333326,5.000000054166666,0.000000000000000,-25.000000006249998,-21.213203713291961,7.699534921004206,-5.000000054166666,5.000000054166666,0.000000000000000
-25.000000006250001,20.829900327784731,7.741801273021788,-44.999999958333326,5.000000054166666,0.000000000000000,-25.000000006249998,-21.450051619356653,7.105437181940784,-5.000000054166666,5.000000054166666,0.000000000000000
-25.000000006250005,21.094738510357956,7.945145477196815,-44.999999958333326,5.000000054166666,0.000000000000000,-25.000000006250005,-21.666676633901940,6.498750436358610,-5.000000054166666,5.000000054166666,0.000000000000000
-25.000000006250005,21.365917321344739,8.135364329603478,-44.999999958333326,5.000000054166666,0.000000000000000,-25.000000006250012,-21.862745836333790,5.882076072955518,-5.000000054166666,5.000000054166666,0.000000000000000
-25.000000006250005,21.643009250149792,8.312757864151516,-44.999999958333326,5.000000054166666,0.000000000000000,-25.000000006250012,-22.038010267469001,5.257932934056317,-5.000000054166666,5.000000054166666,0.000000000000000
-25.000000006250001,21.925594181913432,8.477547952909251,-44.999999958333326,5.000000054166666,0.000000000000000,-25.000000006250001,-22.192302024860165,4.628752721734893,-5.000000054166666,5.000000054166666,0.000000000000000
-25.000000006250001,22.213256891981214,8.629881302033382,-44.999999958333326,5.000000054166666,0.000000000000000,-25.000000006249998,-22.325531221156755,3.996875888897668,-5.000000054166666,5.000000054166666,0.000000000000000
-25.000000006250001,22.505584647269522,8.769832658649301,-44.999999958333326,5.000000054166666,0.000000000000000,-25.000000006249994,-22.437682819127254,3.364547939115004,-5.000000054166666,5.000000054166666,0.000000000000000
-25.000000006250005,22.802164919784708,8.897408175455535,-44.999999958333326,5.000000054166666,0.000000000000000,-25.000000006250005,-22.528813355276775,2.733916084485585,-5.000000054166666,5.000000054166666,0.000000000000000
-25.000000006250005,23.102583216469636,9.012548900547875,-44.999999958333326,5.000000054166666,0.000000000000000,-25.000000006250005,-22.599047562988616,2.107026231355299,-5.000000054166666,5.000000054166666,0.000000000000000
-25.000000006250001,23.406421029002711,9.115134375992270,-44.999999958333326,5.000000054166666,0.000000000000000,-25.000000006250009,-22.648574905657959,1.485820280080320,-5.000000054166666,5.000000054166666,0.000000000000000
-25.000000006250001,23.713253907027404,9.204986340740732,-44.999999958333326,5.000000054166666,0.000000000000000,-25.000000006249998,-22.677646030245359,0.872133737621945,-5.000000054166666,5.000000054166666,0.000000000000000
-25.000000006250001,24.022649658436634,9.281872542276941,-44.999999958333326,5.000000054166666,0.000000000000000,-25.000000006249994,-22.686569151954828,0.267693651284060,-5.000000054166666,5.000000054166666,0.000000000000000
-25.000000006250001,24.334166680683147,9.345510667395388,-44.999999958333326,5.000000054166666,0.000000000000000,-25.000000006249991,-22.675706381242424,0.325883121372060,-5.000000054166666,5.000000054166666,0.000000000000000
-25.000000006249998,24.647352427560023,9.395572406306272,-44.999999958333326,5.000000054166666,0.000000000000000,-25.000000006249998,-22.645470005011514,0.907091286927296,-5.000000054166666,5.000000054166666,0.000000000000000
-25.000000006250001,24.961742016429227,9.431687666076128,-44.999999958333326,5.000000054166666,0.000000000000000,-25.000000006249998,-22.596318734582272,1.474538112877339,-5.000000054166666,5.000000054166666,0.000000000000000
-25.000000006250005,25.276856981418664,9.453448949683162,-44.999999958333326,5.000000054166666,0.000000000000000,-25.000000006250001,-22.528753933779623,2.026944024079399,-5.000000054166666,5.000000054166666,0.000000000000000
-25.000000006250001,25.592204178614704,9.460415915881171,-44.999999958333326,5.000000054166666,0.000000000000000,-25.000000006249998,-22.443315841217267,2.563142776870698,-5.000000054166666,5.000000054166666,0.000000000000000
-25.000000006249998,25.907274849709829,9.452120132853707,-44.999999958333326,5.000000054166666,0.000000000000000,-25.000000006249998,-22.340579801524218,3.082081190791524,-5.000000054166666,5.000000054166666,0.000000000000000
-25.000000006250005,26.221543850894193,9.428070035530949,-44.999999958333326,5.000000054166666,0.000000000000000,-25.000000006250005,-22.221152520829808,3.582818420832305,-5.000000054166666,5.000000054166666,0.000000000000000
-25.000000006249998,26.534469053978878,9.387756092540513,-44.999999958333326,5.000000054166666,0.000000000000000,-25.000000006249991,-22.085668362265199,4.064524756938235,-5.000000054166666,5.000000054166666,0.000000000000000
-25.000000006250005,26.845490926789836,9.330656184328769,-44.999999958333326,5.000000054166666,0.000000000000000,-25.000000006249998,-21.934785697529325,4.526479942076246,-5.000000054166666,5.000000054166666,0.000000000000000
-25.000000006249994,27.154032299757439,9.256241189028140,-44.999999958333326,5.000000054166666,0.000000000000000,-25.000000006249994,-21.769183330689035,4.968071005208643,-5.000000054166666,5.000000054166666,0.000000000000000
-25.000000006250001,27.459498325340547,9.163980767493165,-44.999999958333326,5.000000054166666,0.000000000000000,-25.000000006249998,-21.589557010322427,5.388789610998252,-5.000000054166666,5.000000054166666,0.000000000000000
-25.000000006249998,27.761276636458184,9.053349333529118,-44.999999958333326,5.000000054166666,0.000000000000000,-25.000000006249994,-21.396616045864398,5.788228933740892,-5.000000054166666,5.000000054166666,0.000000000000000
-25.000000006250005,28.058737709458153,8.923832189999111,-44.999999958333326,5.000000054166666,0.000000000000000,-25.000000006249991,-21.191080043571162,6.166080068797057,-5.000000054166666,5.000000054166666,0.000000000000000
-25.000000006249998,28.351235436333837,8.774931806270480,-44.999999958333326,5.000000054166666,0.000000000000000,-25.000000006249984,-20.973675776888662,6.522128000475035,-5.000000054166666,5.000000054166666,0.000000000000000
-25.000000006250001,28.638107909917331,8.606174207504777,-44.999999958333326,5.000000054166666,0.000000000000000,-25.000000006250001,-20.745134205194713,6.856247150818480,-5.000000054166666,5.000000054166666,0.000000000000000
-25.000000006250009,28.918678424642906,8.417115441767333,-44.999999958333326,5.000000054166666,0.000000000000000,-25.000000006249991,-20.506187653899406,7.168396538859177,-5.000000054166666,5.000000054166666,0.000000000000000
-25.000000006250005,29.192256694206385,8.207348086904322,-44.999999958333326,5.000000054166666,0.000000000000000,-25.000000006249994,-20.257567167746942,7.458614584573978,-5.000000054166666,5.000000054166666,0.000000000000000
-25.000000006250005,29.458140286066538,7.976507755804660,-44.999999958333326,5.000000054166666,0.000000000000000,-25.000000006249991,-20.000000047885855,7.727013595832510,-5.000000054166666,5.000000054166666,0.000000000000000
-25.000000006250001,29.715616271266146,7.724279555988154,-44.999999958333326,5.000000054166666,0.000000000000000,-25.000000006249984,-19.734207581886487,7.973773979981132,-5.000000054166666,5.000000054166666,0.000000000000000
-25.000000006250005,29.963963086523226,7.450404457712471,-44.999999958333326,5.000000054166666,0.000000000000000,-25.000000006250005,-19.460902974408885,8.199138224328046,-5.000000054166666,5.000000054166666,0.000000000000000
-25.000000006250005,30.202452603983442,7.154685523806423,-44.999999958333326,5.000000054166666,0.000000000000000,-25.000000006249984,-19.180789484691449,8.403404691523081,-5.000000054166666,5.000000054166666,0.000000000000000
-25.000000006249998,30.430352402465690,6.836993954467443,-44.999999958333326,5.000000054166666,0.000000000000000,-25.000000006249998,-18.894558775467104,8.586921276730287,-5.000000054166666,5.000000054166666,0.000000000000000
-25.000000006249998,30.646928232503193,6.497274901125119,-44.999999958333326,5.000000054166666,0.000000000000000,-25.000000006249998,-18.602889476350747,8.750078973490755,-5.000000054166666,5.000000054166666,0.000000000000000
-25.000000006250001,30.851446666013853,6.135553005319758,-44.999999958333326,5.000000054166666,0.000000000000000,-25.000000006249984,-18.306445963207889,8.893305394285752,-5.000000054166666,5.000000054166666,0.000000000000000
-25.000000006250001,31.043177920053772,5.751937621197631,-44.999999958333326,5.000000054166666,0.000000000000000,-25.000000006249998,-18.005877353537532,9.017058290110713,-5.000000054166666,5.000000054166666,0.000000000000000
-25.000000006249998,31.221398842845748,5.346627683759204,-44.999999958333326,5.000000054166666,0.000000000000000,-25.000000006249980,-17.701816716508493,9.121819110871183,-5.000000054166666,5.000000054166666,0.000000000000000
-25.000000006250005,31.385396049151829,4.919916189182523,-44.999999958333326,5.000000054166666,0.000000000000000,-25.000000006250009,-17.394880495001971,9.208086645195674,-5.000000054166666,5.000000054166666,0.000000000000000
-25.000000006249998,31.534469191099770,4.472194258438228,-44.999999958333326,5.000000054166666,0.000000000000000,-25.000000006249984,-17.085668135851897,9.276370774502164,-5.000000054166666,5.000000054166666,0.000000000000000
-25.000000006250005,31.667934349792020,4.003954760767473,-44.999999958333326,5.000000054166666,0.000000000000000,-25.000000006249998,-16.774761923459163,9.327186371782005,-5.000000054166666,5.000000054166666,0.000000000000000
-25.000000006250001,31.785127532437599,3.515795479367386,-44.999999958333326,5.000000054166666,0.000000000000000,-25.000000006250005,-16.462727011092358,9.361047371004110,-5.000000054166666,5.000000054166666,0.000000000000000
-25.000000006249998,31.885408259359419,3.008421807654536,-44.999999958333326,5.000000054166666,0.000000000000000,-25.000000006249998,-16.150111643490831,9.378461028045832,-5.000000054166666,5.000000054166666,0.000000000000000
-25.000000006249994,31.968163225046485,2.482648970611971,-44.999999958333326,5.000000054166666,0.000000000000000,-25.000000006249991,-15.837447563852868,9.379922389138933,-5.000000054166666,5.000000054166666,0.000000000000000
-25.000000006249998,32.032810017441058,1.939403771837307,-44.999999958333326,5.000000054166666,0.000000000000000,-25.000000006250005,-15.525250597923831,9.365908977871113,-5.000000054166666,5.000000054166666,0.000000000000000
-25.000000006249998,32.078800879869398,1.379725872850072,-44.999999958333326,5.000000054166666,0.000000000000000,-25.000000006249980,-15.214021407688897,9.336875707048030,-5.000000054166666,5.000000054166666,0.000000000000000
-25.000000006250001,32.105626500430219,0.804768616824782,-44.999999958333326,5.000000054166666,0.000000000000000,-25.000000006249998,-14.904246407110627,9.293250017348100,-5.000000054166666,5.000000054166666,0.000000000000000
-25.000000006249998,32.112819814232552,0.215799414069988,-44.999999958333326,5.000000054166666,0.000000000000000,-25.000000006249998,-14.596398832414536,9.235427240882679,-5.000000054166666,5.000000054166666,0.000000000000000
-25.000000006249998,32.099959804602058,0.385800288914887,-44.999999958333326,5.000000054166666,0.000000000000000,-25.000000006249998,-14.290939959597903,9.163766184499023,-5.000000054166666,5.000000054166666,0.000000000000000
-25.000000006250001,32.066675290227707,0.998535431230499,-44.999999958333326,5.000000054166666,0.000000000000000,-25.000000006249994,-13.988320462085065,9.078584925385151,-5.000000054166666,5.000000054166666,0.000000000000000
-25.000000006250001,32.012648686165441,1.620798121868021,-44.999999958333326,5.000000054166666,0.000000000000000,-25.000000006249998,-13.688981901748162,8.980156810107044,-5.000000054166666,5.000000054166666,0.000000000000000
-25.000000006249994,31.937619727614518,2.250868756527761,-44.999999958333326,5.000000054166666,0.000000000000000,-25.000000006250001,-13.393358346811610,8.868706648096571,-5.000000054166666,5.000000054166666,0.000000000000000
-25.000000006249998,31.841389146389979,2.886917436736165,-44.999999958333326,5.000000054166666,0.000000000000000,-25.000000006249994,-13.101878110417511,8.744407091823005,-5.000000054166666,5.000000054166666,0.000000000000000
-25.000000006249994,31.723822290975537,3.527005662433243,-44.999999958333326,5.000000054166666,0.000000000000000,-25.000000006249994,-12.814965603789537,8.607375198839220,-5.000000054166666,5.000000054166666,0.000000000000000
-25.000000006250005,31.584852681891753,4.169088272513433,-44.999999958333326,5.000000054166666,0.000000000000000,-25.000000006249998,-12.533043297932185,8.457669175720552,-5.000000054166666,5.000000054166666,0.000000000000000
-25.000000006250005,31.424485494775737,4.811015613480563,-44.999999958333326,5.000000054166666,0.000000000000000,-25.000000006249998,-12.256533787562917,8.295285311078036,-5.000000054166666,5.000000054166666,0.000000000000000
-25.000000006249998,31.242800963948749,5.450535924809555,-44.999999958333326,5.000000054166666,0.000000000000000,-25.000000006250009,-11.985861950407902,8.120155114650473,-5.000000054166666,5.000000054166666,0.000000000000000
-25.000000006250001,31.039957699235746,6.085297941390168,-44.999999958333326,5.000000054166666,0.000000000000000,-25.000000006249994,-11.721457193994455,7.932142692403371,-5.000000054166666,5.000000054166666,0.000000000000000
-25.000000006249998,30.816195908263154,6.712853729177689,-44.999999958333326,5.000000054166666,0.000000000000000,-25.000000006249998,-11.463755780523043,7.731042404142404,-5.000000054166666,5.000000054166666,0.000000000000000
-25.000000006249994,30.571840515237877,7.330661790758392,-44.999999958333326,5.000000054166666,0.000000000000000,-25.000000006250005,-11.213203218157487,7.516576870966660,-5.000000054166666,5.000000054166666,0.000000000000000
-25.000000006249998,30.307304165115188,7.936090503680645,-44.999999958333326,5.000000054166666,0.000000000000000,-25.000000006249994,-10.970256703976283,7.288395425436095,-5.000000054166666,5.000000054166666,0.000000000000000
-25.000000006249994,30.023090098871112,8.526421987322221,-44.999999958333326,5.000000054166666,0.000000000000000,-25.000000006249994,-10.735387599694109,7.046073128465234,-5.000000054166666,5.000000054166666,0.000000000000000
-25.000000006249998,29.719794881050341,9.098856534623167,-44.999999958333326,5.000000054166666,0.000000000000000,-25.000000006250005,-10.509083915892903,6.789110514036174,-5.000000054166666,5.000000054166666,0.000000000000000
-25.000000006249998,29.398110954568544,9.650517794453950,-44.999999958333326,5.000000054166666,0.000000000000000,-25.000000006249984,-10.291852773677453,6.516934266463498,-5.000000054166666,5.000000054166666,0.000000000000000
-25.000000006250001,29.058828989583333,10.178458949556282,-44.999999958333326,5.000000054166666,0.000000000000000,-25.000000006249998,-10.084222804166666,6.228899085323626,-5.000000054166666,5.000000054166666,0.000000000000000
-25.000000006249998,28.702839982760413,10.679670204687651,-44.999999958333326,5.000000054166666,0.000000000000000,-25.000000006249994,-9.886746435831313,5.924291050060581,-5.000000054166666,5.000000054166666,0.000000000000000
-25.000000006249991,28.331137050100033,11.151087979811427,-44.999999958333326,5.000000054166666,0.000000000000000,-25.000000006249991,-9.700002007205304,5.602332858780260,-5.000000054166666,5.000000054166666,0.000000000000000
-25.000000006249994,27.944816840326219,11.589606293214402,-44.999999958333326,5.000000054166666,0.000000000000000,-25.000000006249998,-9.524595627803533,5.262191382053133,-5.000000054166666,5.000000054166666,0.000000000000000
-25.000000006249994,27.545080476430314,11.992090916877082,-44.999999958333326,5.000000054166666,0.000000000000000,-25.000000006249998,-9.361162693163356,4.902988039205331,-5.000000054166666,5.000000054166666,0.000000000000000
-25.000000006249984,27.133233910202147,12.355396986845046,-44.999999958333326,5.000000054166666,0.000000000000000,-25.000000006249998,-9.210368940947358,4.523812566479912,-5.000000054166666,5.000000054166666,0.000000000000000
-25.000000006249994,26.710687548627806,12.676390847230183,-44.999999958333326,5.000000054166666,0.000000000000000,-25.000000006249994,-9.072910914418729,4.123740795858851,-5.000000054166666,5.000000054166666,0.000000000000000
-25.000000006250005,26.278954982418561,12.951976986277415,-44.999999958333326,5.000000054166666,0.000000000000000,-25.000000006249994,-8.949515678098708,3.701857089600686,-5.000000054166666,5.000000054166666,0.000000000000000
-25.000000006250005,25.839650616749715,13.179130970065406,-44.999999958333326,5.000000054166666,0.000000000000000,-25.000000006250001,-8.840939609277688,3.257282064630556,-5.000000054166666,5.000000054166666,0.000000000000000
-25.000000006250001,25.394485974360723,13.354939271669723,-44.999999958333326,5.000000054166666,0.000000000000000,-25.000000006250001,-8.747966070101761,2.789206175277857,-5.000000054166666,5.000000054166666,0.000000000000000
-25.000000006249991,24.945264414282850,13.476646802336237,-44.999999958333326,5.000000054166666,0.000000000000000,-25.000000006249998,-8.671401750703222,2.296929581956158,-5.000000054166666,5.000000054166666,0.000000000000000
-25.000000006250001,24.493873989525909,13.541712742708214,-44.999999958333326,5.000000054166666,0.000000000000000,-25.000000006250001,-8.612071467536010,1.779908495016333,-5.000000054166666,5.000000054166666,0.000000000000000
-25.000000006250005,24.042278159206003,13.547874909597118,-44.999999958333326,5.000000054166666,0.000000000000000,-25.000000006250001,-8.570811206669172,1.237807826005177,-5.000000054166666,5.000000054166666,0.000000000000000
-25.000000006249998,23.592504081128670,13.493222342319960,-44.999999958333326,5.000000054166666,0.000000000000000,-25.000000006249998,-8.548459223773838,0.670559486859999,-5.000000054166666,5.000000054166666,0.000000000000000
-25.000000006250005,23.146628246883619,13.376275027351600,-44.999999958333326,5.000000054166666,0.000000000000000,-25.000000006250001,-8.545845055561397,0.078425046373242,-5.000000054166666,5.000000054166666,0.000000000000000
-25.000000006249991,22.706759290315009,13.196068697058232,-44.999999958333326,5.000000054166666,0.000000000000000,-25.000000006249998,-8.563776365690398,0.537939303870040,-5.000000054166666,5.000000054166666,0.000000000000000
-25.000000006250005,22.275017908023774,12.952241468737059,-44.999999958333326,5.000000054166666,0.000000000000000,-25.000000006249998,-8.603023644521642,1.177418364937326,-5.000000054166666,5.000000054166666,0.000000000000000
-25.000000006250001,21.853513980880514,12.645117814297800,-44.999999958333326,5.000000054166666,0.000000000000000,-25.000000006249998,-8.664302906997580,1.838377874278152,-5.000000054166666,5.000000054166666,0.000000000000000
-25.000000006249991,21.444321177269561,12.275784108328612,-44.999999958333326,5.000000054166666,0.000000000000000,-25.000000006249998,-8.748256683177406,2.518613285394768,-5.000000054166666,5.000000054166666,0.000000000000000
-25.000000006249994,21.049449544161266,11.846148993248827,-44.999999958333326,5.000000054166666,0.000000000000000,-25.000000006249998,-8.855433763753522,3.215312417283484,-5.000000054166666,5.000000054166666,0.000000000000000
-25.000000006249991,20.670816835167685,11.358981269807440,-44.999999958333326,5.000000054166666,0.000000000000000,-25.000000006249998,-8.986268335216790,3.925037143898071,-5.000000054166666,5.000000054166666,0.000000000000000
-25.000000006249984,20.310219561052460,10.817918223456811,-44.999999958333326,5.000000054166666,0.000000000000000,-25.000000006249998,-9.141059298392276,4.643728895264580,-5.000000054166666,5.000000054166666,0.000000000000000
-25.000000006249998,19.969304946439372,10.227438438392557,-44.999999958333326,5.000000054166666,0.000000000000000,-25.000000006249998,-9.319950688665594,5.366741708199537,-5.000000054166666,5.000000054166666,0.000000000000000
-25.000000006249994,19.649545102428725,9.592795320319423,-44.999999958333326,5.000000054166666,0.000000000000000,-25.000000006249998,-9.522914184634537,6.088904879068283,-5.000000054166666,5.000000054166666,0.000000000000000
-25.000000006249994,19.352214747230381,8.919910655950313,-44.999999958333326,5.000000054166666,0.000000000000000,-25.000000006249994,-9.749734685640368,6.804615030174889,-5.000000054166666,5.000000054166666,0.000000000000000
-25.000000006249994,19.078373704630703,8.215231277990368,-44.999999958333326,5.000000054166666,0.000000000000000,-25.000000006249994,-9.999999846482631,7.507954825267912,-5.000000054166666,5.000000054166666,0.000000000000000
-25.000000006249994,18.828855178580056,7.485555781519445,-44.999999958333326,5.000000054166666,0.000000000000000,-25.000000006249994,-10.273094279217913,8.192832982058436,-5.000000054166666,5.000000054166666,0.000000000000000
-25.000000006249998,18.604260457240283,6.737841640193142,-44.999999958333326,5.000000054166666,0.000000000000000,-25.000000006250001,-10.568198879447442,8.853138006885882,-5.000000054166666,5.000000054166666,0.000000000000000
-25.000000006249991,18.404960277097285,5.979005404290001,-44.999999958333326,5.000000054166666,0.000000000000000,-25.000000006249994,-10.884295431875785,9.482896572850315,-5.000000054166666,5.000000054166666,0.000000000000000
-25.000000006249998,18.231102627310136,5.215729493614442,-44.999999958333326,5.000000054166666,0.000000000000000,-25.000000006249998,-11.220176329581253,10.076426931164018,-5.000000054166666,5.000000054166666,0.000000000000000
-25.000000006250001,18.082626351704540,4.454288268167813,-44.999999958333326,5.000000054166666,0.000000000000000,-25.000000006249998,-11.574458938845769,10.628478277935509,-5.000000054166666,5.000000054166666,0.000000000000000
-25.000000006250001,17.959279560812558,3.700403726759514,-44.999999958333326,5.000000054166666,0.000000000000000,-25.000000006249994,-11.945603888954997,11.134348503276831,-5.000000054166666,5.000000054166666,0.000000000000000
-25.000000006249984,17.860641634740780,2.959137782153321,-44.999999958333326,5.000000054166666,0.000000000000000,-25.000000006249998,-12.331936388065095,11.589974973302924,-5.000000054166666,5.000000054166666,0.000000000000000
-25.000000006249998,17.786147495241135,2.234824184989390,-44.999999958333326,5.000000054166666,0.000000000000000,-25.000000006250001,-12.731669574198586,11.991995584004711,-5.000000054166666,5.000000054166666,0.000000000000000
-25.000000006250001,17.735112847611791,1.531039428880346,-44.999999958333326,5.000000054166666,0.000000000000000,-25.000000006249998,-13.142928904298202,12.337779902988505,-5.000000054166666,5.000000054166666,0.000000000000000
-25.000000006249998,17.706759218846219,0.850608862967135,-44.999999958333326,5.000000054166666,0.000000000000000,-25.000000006250001,-13.563776652856555,12.625432456750596,-5.000000054166666,5.000000054166666,0.000000000000000
-25.000000006249998,17.700237816519380,0.195642069805150,-44.999999958333326,5.000000054166666,0.000000000000000,-25.000000006250001,-13.992235716439692,12.853771907494112,-5.000000054166666,5.000000054166666,0.000000000000000
-25.000000006250005,17.714651468986723,0.432409574020239,-44.999999958333326,5.000000054166666,0.000000000000000,-25.000000006249998,-14.426312079706952,13.022290898017761,-5.000000054166666,5.000000054166666,0.000000000000000
-25.000000006250001,17.749074150272840,1.032680438583515,-44.999999958333326,5.000000054166666,0.000000000000000,-25.000000006250001,-14.864015471127480,13.131101742615849,-5.000000054166666,5.000000054166666,0.000000000000000
-25.000000006249994,17.802567818121879,1.604810035471220,-44.999999958333326,5.000000054166666,0.000000000000000,-25.000000006250005,-15.303377904669981,13.180873006275039,-5.000000054166666,5.000000054166666,0.000000000000000
-25.000000006250009,17.874196485115224,2.148860009800382,-44.999999958333326,5.000000054166666,0.000000000000000,-25.000000006250005,-15.742469954305038,13.172761489051709,-5.000000054166666,5.000000054166666,0.000000000000000
-25.000000006250001,17.963037592753114,2.665233229136616,-44.999999958333326,5.000000054166666,0.000000000000000,-25.000000006250001,-16.179414733387961,13.108343372487720,-5.000000054166666,5.000000054166666,0.000000000000000
-25.000000006249998,18.068190865834161,3.154598192431488,-44.999999958333326,5.000000054166666,0.000000000000000,-25.000000006250001,-16.612399647706894,12.989547429567939,-5.000000054166666,5.000000054166666,0.000000000000000
-25.000000006249998,18.188784892896184,3.617820811860621,-44.999999958333326,5.000000054166666,0.000000000000000,-25.000000006250005,-17.039686059618454,12.818592357346841,-5.000000054166666,5.000000054166666,0.000000000000000
-25.000000006250001,18.323981714124919,4.055904636862115,-44.999999958333326,5.000000054166666,0.000000000000000,-25.000000006250001,-17.459617044114939,12.597929534894508,-5.000000054166666,5.000000054166666,0.000000000000000
-25.000000006249991,18.472979708250410,4.469939823764653,-44.999999958333326,5.000000054166666,0.000000000000000,-25.000000006250001,-17.870623440068073,12.330191878594098,-5.000000054166666,5.000000054166666,0.000000000000000
-25.000000006250001,18.635015061662063,4.861060602349684,-44.999999958333326,5.000000054166666,0.000000000000000,-25.000000006249998,-18.271228405925900,12.018148975734803,-5.000000054166666,5.000000054166666,0.000000000000000
-25.000000006249998,18.809362082582449,5.230410627611547,-44.999999958333326,5.000000054166666,0.000000000000000,-25.000000006249998,-18.660050683287949,11.664668320861468,-5.000000054166666,5.000000054166666,0.000000000000000
-25.000000006250001,18.995332595781079,5.579115395958886,-44.999999958333326,5.000000054166666,0.000000000000000,-25.000000006250001,-19.035806758003918,11.272682241479023,-5.000000054166666,5.000000054166666,0.000000000000000
-25.000000006249991,19.192274622893848,5.908260813383095,-44.999999958333326,5.000000054166666,0.000000000000000,-25.000000006249998,-19.397312089980460,10.845159959296275,-5.000000054166666,5.000000054166666,0.000000000000000
-25.000000006249998,19.399570522724453,6.218876994918151,-44.999999958333326,5.000000054166666,0.000000000000000,-25.000000006249991,-19.743481562245169,10.385084167941304,-5.000000054166666,5.000000054166666,0.000000000000000
-25.000000006249994,19.616634736774262,6.511926421494281,-44.999999958333326,5.000000054166666,0.000000000000000,-25.000000006250005,-20.073329278831210,9.895431497581166,-5.000000054166666,5.000000054166666,0.000000000000000
-25.000000006249994,19.842911258766318,6.788295659761630,-44.999999958333326,5.000000054166666,0.000000000000000,-25.000000006249980,-20.385967820945730,9.379156263435648,-5.000000054166666,5.000000054166666,0.000000000000000
-25.000000006249998,20.077870923633455,7.048789946014129,-44.999999958333326,5.000000054166666,0.000000000000000,-25.000000006249984,-20.680607052444014,8.839176944948511,-5.000000054166666,5.000000054166666,0.000000000000000
-25.000000006250001,20.321008591484890,7.294130035543033,-44.999999958333326,5.000000054166666,0.000000000000000,-25.000000006249994,-20.956552549258472,8.278364904433724,-5.000000054166666,5.000000054166666,0.000000000000000
-25.000000006249998,20.571840285350678,7.524950815973666,-44.999999958333326,5.000000054166666,0.000000000000000,-25.000000006249998,-21.213203713291957,7.699534921004545,-5.000000054166666,5.000000054166666,0.000000000000000
-25.000000006250001,20.829900327784731,7.741801273021562,-44.999999958333326,5.000000054166666,0.000000000000000,-25.000000006249998,-21.450051619356653,7.105437181940895,-5.000000054166666,5.000000054166666,0.000000000000000
-25.000000006250005,21.094738510357953,7.945145477196702,-44.999999958333326,5.000000054166666,0.000000000000000,-25.000000006250005,-21.666676633901943,6.498750436358722,-5.000000054166666,5.000000054166666,0.000000000000000
-25.000000006250001,21.365917321344753,8.135364329603929,-44.999999958333326,5.000000054166666,0.000000000000000,-25.000000006250005,-21.862745836333790,5.882076072955405,-5.000000054166666,5.000000054166666,0.000000000000000
-25.000000006250005,21.643009250149792,8.312757864151177,-44.999999958333326,5.000000054166666,0.000000000000000,-25.000000006249991,-22.038010267468984,5.257932934055753,-5.000000054166666,5.000000054166666,0.000000000000000
-25.000000006250001,21.925594181913432,8.477547952909251,-44.999999958333326,5.000000054166666,0.000000000000000,-25.000000006250001,-22.192302024860165,4.628752721735457,-5.000000054166666,5.000000054166666,0.000000000000000
-25.000000006250001,22.213256891981214,8.629881302033382,-44.999999958333326,5.000000054166666,0.000000000000000,-25.000000006249998,-22.325531221156758,3.996875888897780,-5.000000054166666,5.000000054166666,0.000000000000000
-25.000000006250001,22.505584647269522,8.769832658649301,-44.999999958333326,5.000000054166666,0.000000000000000,-25.000000006249994,-22.437682819127250,3.364547939114778,-5.000000054166666,5.000000054166666,0.000000000000000
-25.000000006250005,22.802164919784701,8.897408175455421,-44.999999958333326,5.000000054166666,0.000000000000000,-25.000000006250005,-22.528813355276775,2.733916084485698,-5.000000054166666,5.000000054166666,0.000000000000000
-25.000000006250005,23.102583216469643,9.012548900548214,-44.999999958333326,5.000000054166666,0.000000000000000,-25.000000006249998,-22.599047562988616,2.107026231355299,-5.000000054166666,5.000000054166666,0.000000000000000
-25.000000006250001,23.406421029002711,9.115134375992046,-44.999999958333326,5.000000054166666,0.000000000000000,-25.000000006250009,-22.648574905657959,1.485820280080320,-5.000000054166666,5.000000054166666,0.000000000000000
-25.000000006250001,23.713253907027418,9.204986340741183,-44.999999958333326,5.000000054166666,0.000000000000000,-25.000000006249991,-22.677646030245359,0.872133737621945,-5.000000054166666,5.000000054166666,0.000000000000000
-25.000000006250001,24.022649658436649,9.281872542276941,-44.999999958333326,5.000000054166666,0.000000000000000,-25.000000006250012,-22.686569151954849,0.267693651284737,-5.000000054166666,5.000000054166666,0.000000000000000
-25.000000006249998,24.334166680683140,9.345510667394711,-44.999999958333326,5.000000054166666,0.000000000000000,-25.000000006249998,-22.675706381242424,0.325883121372737,-5.000000054166666,5.000000054166666,0.000000000000000
-25.000000006250005,24.647352427560019,9.395572406306385,-44.999999958333326,5.000000054166666,0.000000000000000,-25.000000006250001,-22.645470005011514,0.907091286927296,-5.000000054166666,5.000000054166666,0.000000000000000
-25.000000006250001,24.961742016429231,9.431687666076355,-44.999999958333326,5.000000054166666,0.000000000000000,-25.000000006249998,-22.596318734582265,1.474538112877452,-5.000000054166666,5.000000054166666,0.000000000000000
-25.000000006250005,25.276856981418668,9.453448949683162,-44.999999958333326,5.000000054166666,0.000000000000000,-25.000000006250001,-22.528753933779615,2.026944024079512,-5.000000054166666,5.000000054166666,0.000000000000000
-25.000000006250001,25.592204178614701,9.460415915880947,-44.999999958333326,5.000000054166666,0.000000000000000,-25.000000006250005,-22.443315841217263,2.563142776870585,-5.000000054166666,5.000000054166666,0.000000000000000
-25.000000006250001,25.907274849709832,9.452120132853935,-44.999999958333326,5.000000054166666,0.000000000000000,-25.000000006250005,-22.340579801524214,3.082081190791524,-5.000000054166666,5.000000054166666,0.000000000000000
-25.000000006250005,26.221543850894193,9.428070035530835,-44.999999958333326,5.000000054166666,0.000000000000000,-25.000000006250005,-22.221152520829811,3.582818420832079,-5.000000054166666,5.000000054166666,0.000000000000000
-25.000000006250001,26.534469053978892,9.387756092540965,-44.999999958333326,5.000000054166666,0.000000000000000,-25.000000006249991,-22.085668362265196,4.064524756938461,-5.000000054166666,5.000000054166666,0.000000000000000
-25.000000006250001,26.845490926789846,9.330656184328655,-44.999999958333326,5.000000054166666,0.000000000000000,-25.000000006249998,-21.934785697529314,4.526479942076471,-5.000000054166666,5.000000054166666,0.000000000000000
-25.000000006249998,27.154032299757450,9.256241189028028,-44.999999958333326,5.000000054166666,0.000000000000000,-25.000000006249991,-21.769183330689017,4.968071005208869,-5.000000054166666,5.000000054166666,0.000000000000000
-25.000000006250005,27.459498325340565,9.163980767493502,-44.999999958333326,5.000000054166666,0.000000000000000,-25.000000006249998,-21.589557010322412,5.388789610998140,-5.000000054166666,5.000000054166666,0.000000000000000
-25.000000006249998,27.761276636458199,9.053349333529004,-44.999999958333326,5.000000054166666,0.000000000000000,-25.000000006249994,-21.396616045864384,5.788228933740892,-5.000000054166666,5.000000054166666,0.000000000000000
-25.000000006250005,28.058737709458139,8.923832189998208,-44.999999958333326,5.000000054166666,0.000000000000000,-25.000000006249991,-21.191080043571180,6.166080068796042,-5.000000054166666,5.000000054166666,0.000000000000000
-25.000000006249998,28.351235436333820,8.774931806270480,-44.999999958333326,5.000000054166666,0.000000000000000,-25.000000006249984,-20.973675776888676,6.522128000475147,-5.000000054166666,5.000000054166666,0.000000000000000
-25.000000006249998,28.638107909917320,8.606174207505003,-44.999999958333326,5.000000054166666,0.000000000000000,-25.000000006249994,-20.745134205194724,6.856247150818594,-5.000000054166666,5.000000054166666,0.000000000000000
-25.000000006250009,28.918678424642895,8.417115441767219,-44.999999958333326,5.000000054166666,0.000000000000000,-25.000000006249991,-20.506187653899417,7.168396538859177,-5.000000054166666,5.000000054166666,0.000000000000000
-25.000000006250005,29.192256694206378,8.207348086904434,-44.999999958333326,5.000000054166666,0.000000000000000,-25.000000006249994,-20.257567167746949,7.458614584574089,-5.000000054166666,5.000000054166666,0.000000000000000
-25.000000006250001,29.458140286066516,7.976507755804208,-44.999999958333326,5.000000054166666,0.000000000000000,-25.000000006249991,-20.000000047885869,7.727013595832396,-5.000000054166666,5.000000054166666,0.000000000000000
-25.000000006250001,29.715616271266132,7.724279555988494,-44.999999958333326,5.000000054166666,0.000000000000000,-25.000000006249984,-19.734207581886494,7.973773979981245,-5.000000054166666,5.000000054166666,0.000000000000000
-25.000000006249998,29.963963086523211,7.450404457712359,-44.999999958333326,5.000000054166666,0.000000000000000,-25.000000006250005,-19.460902974408892,8.199138224328046,-5.000000054166666,5.000000054166666,0.000000000000000
-25.000000006250001,30.202452603983442,7.154685523806874,-44.999999958333326,5.000000054166666,0.000000000000000,-25.000000006249984,-19.180789484691449,8.403404691523306,-5.000000054166666,5.000000054166666,0.000000000000000
-25.000000006249998,30.430352402465687,6.836993954467331,-44.999999958333326,5.000000054166666,0.000000000000000,-25.000000006249998,-18.894558775467104,8.586921276730287,-5.000000054166666,5.000000054166666,0.000000000000000
-25.000000006249994,30.646928232503193,6.497274901125231,-44.999999958333326,5.000000054166666,0.000000000000000,-25.000000006249998,-18.602889476350747,8.750078973490755,-5.000000054166666,5.000000054166666,0.000000000000000
-25.000000006249994,30.851446666013842,6.135553005319533,-44.999999958333326,5.000000054166666,0.000000000000000,-25.000000006249984,-18.306445963207889,8.893305394285752,-5.000000054166666,5.000000054166666,0.000000000000000
-25.000000006249998,31.043177920053779,5.751937621198082,-44.999999958333326,5.000000054166666,0.000000000000000,-25.000000006249991,-18.005877353537532,9.017058290110713,-5.000000054166666,5.000000054166666,0.000000000000000
-25.000000006250001,31.221398842845751,5.346627683759091,-44.999999958333326,5.000000054166666,0.000000000000000,-25.000000006249998,-17.701816716508510,9.121819110870620,-5.000000054166666,5.000000054166666,0.000000000000000
-25.000000006250005,31.385396049151836,4.919916189182636,-44.999999958333326,5.000000054166666,0.000000000000000,-25.000000006250009,-17.394880495001960,9.208086645196465,-5.000000054166666,5.000000054166666,0.000000000000000
-25.000000006250005,31.534469191099777,4.472194258438228,-44.999999958333326,5.000000054166666,0.000000000000000,-25.000000006249994,-17.085668135851890,9.276370774502164,-5.000000054166666,5.000000054166666,0.000000000000000
-25.000000006250005,31.667934349792027,4.003954760767473,-44.999999958333326,5.000000054166666,0.000000000000000,-25.000000006249998,-16.774761923459156,9.327186371782005,-5.000000054166666,5.000000054166666,0.000000000000000
-25.000000006250001,31.785127532437606,3.515795479367386,-44.999999958333326,5.000000054166666,0.000000000000000,-25.000000006249984,-16.462727011092337,9.361047371004560,-5.000000054166666,5.000000054166666,0.000000000000000
-25.000000006249998,31.885408259359430,3.008421807654649,-44.999999958333326,5.000000054166666,0.000000000000000,-25.000000006249998,-16.150111643490828,9.378461028045324,-5.000000054166666,5.000000054166666,0.000000000000000
-25.000000006249994,31.968163225046492,2.482648970611858,-44.999999958333326,5.000000054166666,0.000000000000000,-25.000000006249991,-15.837447563852862,9.379922389138933,-5.000000054166666,5.000000054166666,0.000000000000000
-25.000000006249998,32.032810017441065,1.939403771837307,-44.999999958333326,5.000000054166666,0.000000000000000,-25.000000006249991,-15.525250597923803,9.365908977871792,-5.000000054166666,5.000000054166666,0.000000000000000
-25.000000006249994,32.078800879869398,1.379725872849959,-44.999999958333326,5.000000054166666,0.000000000000000,-25.000000006249991,-15.214021407688884,9.336875707047524,-5.000000054166666,5.000000054166666,0.000000000000000
-25.000000006249998,32.105626500430226,0.804768616824895,-44.999999958333326,5.000000054166666,0.000000000000000,-25.000000006249980,-14.904246407110600,9.293250017348551,-5.000000054166666,5.000000054166666,0.000000000000000
-25.000000006249998,32.112819814232566,0.215799414070100,-44.999999958333326,5.000000054166666,0.000000000000000,-25.000000006250005,-14.596398832414526,9.235427240882228,-5.000000054166666,5.000000054166666,0.000000000000000
-25.000000006249998,32.099959804602058,0.385800288915338,-44.999999958333326,5.000000054166666,0.000000000000000,-25.000000006249991,-14.290939959597916,9.163766184498289,-5.000000054166666,5.000000054166666,0.000000000000000
-25.000000006249998,32.066675290227707,0.998535431230387,-44.999999958333326,5.000000054166666,0.000000000000000,-25.000000006249984,-13.988320462085076,9.078584925385208,-5.000000054166666,5.000000054166666,0.000000000000000
-25.000000006250001,32.012648686165434,1.620798121868134,-44.999999958333326,5.000000054166666,0.000000000000000,-25.000000006249998,-13.688981901748168,8.980156810107214,-5.000000054166666,5.000000054166666,0.000000000000000
-25.000000006249998,31.937619727614511,2.250868756527761,-44.999999958333326,5.000000054166666,0.000000000000000,-25.000000006249994,-13.393358346811617,8.868706648096571,-5.000000054166666,5.000000054166666,0.000000000000000
-25.000000006249998,31.841389146389975,2.886917436736165,-44.999999958333326,5.000000054166666,0.000000000000000,-25.000000006249994,-13.101878110417516,8.744407091823005,-5.000000054166666,5.000000054166666,0.000000000000000
-25.000000006250001,31.723822290975537,3.527005662433130,-44.999999958333326,5.000000054166666,0.000000000000000,-25.000000006249994,-12.814965603789542,8.607375198839220,-5.000000054166666,5.000000054166666,0.000000000000000
-25.000000006249998,31.584852681891757,4.169088272513320,-44.999999958333326,5.000000054166666,0.000000000000000,-25.000000006250012,-12.533043297932212,8.457669175719932,-5.000000054166666,5.000000054166666,0.000000000000000
-25.000000006250001,31.424485494775745,4.811015613480450,-44.999999958333326,5.000000054166666,0.000000000000000,-25.000000006249991,-12.256533787562921,8.295285311078713,-5.000000054166666,5.000000054166666,0.000000000000000
-25.000000006249998,31.242800963948739,5.450535924810119,-44.999999958333326,5.000000054166666,0.000000000000000,-25.000000006249998,-11.985861950407886,8.120155114651036,-5.000000054166666,5.000000054166666,0.000000000000000
-25.000000006249998,31.039957699235739,6.085297941390056,-44.999999958333326,5.000000054166666,0.000000000000000,-25.000000006250001,-11.721457193994455,7.932142692402920,-5.000000054166666,5.000000054166666,0.000000000000000
-25.000000006249994,30.816195908263143,6.712853729177803,-44.999999958333326,5.000000054166666,0.000000000000000,-25.000000006249998,-11.463755780523044,7.731042404142347,-5.000000054166666,5.000000054166666,0.000000000000000
-25.000000006250001,30.571840515237870,7.330661790758279,-44.999999958333326,5.000000054166666,0.000000000000000,-25.000000006250012,-11.213203218157489,7.516576870966660,-5.000000054166666,5.000000054166666,0.000000000000000
-25.000000006249994,30.307304165115191,7.936090503680307,-44.999999958333326,5.000000054166666,0.000000000000000,-25.000000006249984,-10.970256703976279,7.288395425436264,-5.000000054166666,5.000000054166666,0.000000000000000
-25.000000006249994,30.023090098871123,8.526421987322108,-44.999999958333326,5.000000054166666,0.000000000000000,-25.000000006249984,-10.735387599694105,7.046073128465234,-5.000000054166666,5.000000054166666,0.000000000000000
-25.000000006249998,29.719794881050341,9.098856534623394,-44.999999958333326,5.000000054166666,0.000000000000000,-25.000000006250005,-10.509083915892903,6.789110514036060,-5.000000054166666,5.000000054166666,0.000000000000000
-25.000000006249994,29.398110954568548,9.650517794453837,-44.999999958333326,5.000000054166666,0.000000000000000,-25.000000006249984,-10.291852773677451,6.516934266463555,-5.000000054166666,5.000000054166666,0.000000000000000
-25.000000006250001,29.058828989583333,10.178458949556395,-44.999999958333326,5.000000054166666,0.000000000000000,-25.000000006249998,-10.084222804166666,6.228899085323569,-5.000000054166666,5.000000054166666,0.000000000000000
-25.000000006249991,28.702839982760413,10.679670204687651,-44.999999958333326,5.000000054166666,0.000000000000000,-25.000000006249994,-9.886746435831316,5.924291050060468,-5.000000054166666,5.000000054166666,0.000000000000000
-25.000000006249991,28.331137050100033,11.151087979811427,-44.999999958333326,5.000000054166666,0.000000000000000,-25.000000006249994,-9.700002007205308,5.602332858780260,-5.000000054166666,5.000000054166666,0.000000000000000
-25.000000006249994,27.944816840326219,11.589606293214402,-44.999999958333326,5.000000054166666,0.000000000000000,-25.000000006249998,-9.524595627803533,5.262191382053246,-5.000000054166666,5.000000054166666,0.000000000000000
-25.000000006250001,27.545080476430311,11.992090916877196,-44.999999958333326,5.000000054166666,0.000000000000000,-25.000000006249991,-9.361162693163358,4.902988039205275,-5.000000054166666,5.000000054166666,0.000000000000000
-25.000000006249994,27.133233910202144,12.355396986845046,-44.999999958333326,5.000000054166666,0.000000000000000,-25.000000006249998,-9.210368940947356,4.523812566480025,-5.000000054166666,5.000000054166666,0.000000000000000
-25.000000006250001,26.710687548627799,12.676390847230294,-44.999999958333326,5.000000054166666,0.000000000000000,-25.000000006249998,-9.072910914418729,4.123740795858795,-5.000000054166666,5.000000054166666,0.000000000000000
-25.000000006249998,26.278954982418529,12.951976986278092,-44.999999958333326,5.000000054166666,0.000000000000000,-25.000000006250005,-8.949515678098715,3.701857089600460,-5.000000054166666,5.000000054166666,0.000000000000000
-25.000000006249998,25.839650616749726,13.179130970064167,-44.999999958333326,5.000000054166666,0.000000000000000,-25.000000006250001,-8.840939609277687,3.257282064630838,-5.000000054166666,5.000000054166666,0.000000000000000
-25.000000006249998,25.394485974360730,13.354939271669837,-44.999999958333326,5.000000054166666,0.000000000000000,-25.000000006249998,-8.747966070101752,2.789206175278026,-5.000000054166666,5.000000054166666,0.000000000000000
-25.000000006249991,24.945264414282850,13.476646802336463,-44.999999958333326,5.000000054166666,0.000000000000000,-25.000000006249998,-8.671401750703218,2.296929581956045,-5.000000054166666,5.000000054166666,0.000000000000000
-25.000000006250001,24.493873989525916,13.541712742707990,-44.999999958333326,5.000000054166666,0.000000000000000,-25.000000006250001,-8.612071467536007,1.779908495016333,-5.000000054166666,5.000000054166666,0.000000000000000
-25.000000006250005,24.042278159206006,13.547874909597230,-44.999999958333326,5.000000054166666,0.000000000000000,-25.000000006250001,-8.570811206669164,1.237807826005290,-5.000000054166666,5.000000054166666,0.000000000000000
-25.000000006249998,23.592504081128670,13.493222342320074,-44.999999958333326,5.000000054166666,0.000000000000000,-25.000000006250001,-8.548459223773836,0.670559486859830,-5.000000054166666,5.000000054166666,0.000000000000000
-25.000000006250005,23.146628246883630,13.376275027351262,-44.999999958333326,5.000000054166666,0.000000000000000,-25.000000006250001,-8.545845055561388,0.078425046373411,-5.000000054166666,5.000000054166666,0.000000000000000
-25.000000006249998,22.706759290315016,13.196068697058344,-44.999999958333326,5.000000054166666,0.000000000000000,-25.000000006249998,-8.563776365690378,0.537939303869701,-5.000000054166666,5.000000054166666,0.000000000000000
-25.000000006250005,22.275017908023784,12.952241468737059,-44.999999958333326,5.000000054166666,0.000000000000000,-25.000000006249998,-8.603023644521635,1.177418364937664,-5.000000054166666,5.000000054166666,0.000000000000000
-25.000000006249994,21.853513980880493,12.645117814298704,-44.999999958333326,5.000000054166666,0.000000000000000,-25.000000006249998,-8.664302906997575,1.838377874278208,-5.000000054166666,5.000000054166666,0.000000000000000
-25.000000006249998,21.444321177269561,12.275784108327933,-44.999999958333326,5.000000054166666,0.000000000000000,-25.000000006249998,-8.748256683177393,2.518613285394542,-5.000000054166666,5.000000054166666,0.000000000000000
-25.000000006249994,21.049449544161266,11.846148993248827,-44.999999958333326,5.000000054166666,0.000000000000000,-25.000000006249994,-8.855433763753515,3.215312417283652,-5.000000054166666,5.000000054166666,0.000000000000000
-25.000000006249998,20.670816835167720,11.358981269806426,-44.999999958333326,5.000000054166666,0.000000000000000,-25.000000006250001,-8.986268335216804,3.925037143898692,-5.000000054166666,5.000000054166666,0.000000000000000
-25.000000006249991,20.310219561052492,10.817918223456811,-44.999999958333326,5.000000054166666,0.000000000000000,-25.000000006249998,-9.141059298392289,4.643728895264524,-5.000000054166666,5.000000054166666,0.000000000000000
-25.000000006249984,19.969304946439376,10.227438438393458,-44.999999958333326,5.000000054166666,0.000000000000000,-25.000000006249994,-9.319950688665605,5.366741708199481,-5.000000054166666,5.000000054166666,0.000000000000000
-25.000000006249994,19.649545102428718,9.592795320319762,-44.999999958333326,5.000000054166666,0.000000000000000,-25.000000006249998,-9.522914184634548,6.088904879068283,-5.000000054166666,5.000000054166666,0.000000000000000
-25.000000006249984,19.352214747230374,8.919910655950313,-44.999999958333326,5.000000054166666,0.000000000000000,-25.000000006249994,-9.749734685640380,6.804615030175003,-5.000000054166666,5.000000054166666,0.000000000000000
-25.000000006249998,19.078373704630692,8.215231277990481,-44.999999958333326,5.000000054166666,0.000000000000000,-25.000000006249994,-9.999999846482638,7.507954825267686,-5.000000054166666,5.000000054166666,0.000000000000000
-25.000000006249994,18.828855178580046,7.485555781519445,-44.999999958333326,5.000000054166666,0.000000000000000,-25.000000006249994,-10.273094279217919,8.192832982058436,-5.000000054166666,5.000000054166666,0.000000000000000
-25.000000006249998,18.604260457240272,6.737841640193142,-44.999999958333326,5.000000054166666,0.000000000000000,-25.000000006250001,-10.568198879447447,8.853138006885882,-5.000000054166666,5.000000054166666,0.000000000000000
-25.000000006249991,18.404960277097278,5.979005404289889,-44.999999958333326,5.000000054166666,0.000000000000000,-25.000000006249994,-10.884295431875794,9.482896572850372,-5.000000054166666,5.000000054166666,0.000000000000000
-25.000000006249991,18.231102627310122,5.215729493614668,-44.999999958333326,5.000000054166666,0.000000000000000,-25.000000006249998,-11.220176329581284,10.076426931164695,-5.000000054166666,5.000000054166666,0.000000000000000
-25.000000006250001,18.082626351704526,4.454288268167813,-44.999999958333326,5.000000054166666,0.000000000000000,-25.000000006249998,-11.574458938845787,10.628478277935113,-5.000000054166666,5.000000054166666,0.000000000000000
-25.000000006250001,17.959279560812540,3.700403726759626,-44.999999958333326,5.000000054166666,0.000000000000000,-25.000000006249994,-11.945603888955013,11.134348503276774,-5.000000054166666,5.000000054166666,0.000000000000000
-25.000000006249984,17.860641634740794,2.959137782152306,-44.999999958333326,5.000000054166666,0.000000000000000,-25.000000006249994,-12.331936388065076,11.589974973301910,-5.000000054166666,5.000000054166666,0.000000000000000
-25.000000006249994,17.786147495241121,2.234824184990293,-44.999999958333326,5.000000054166666,0.000000000000000,-25.000000006249998,-12.731669574198554,11.991995584004316,-5.000000054166666,5.000000054166666,0.000000000000000
-25.000000006249994,17.735112847611781,1.531039428880120,-44.999999958333326,5.000000054166666,0.000000000000000,-25.000000006250001,-13.142928904298174,12.337779902988618,-5.000000054166666,5.000000054166666,0.000000000000000
-25.000000006249998,17.706759218846223,0.850608862966797,-44.999999958333326,5.000000054166666,0.000000000000000,-25.000000006249998,-13.563776652856548,12.625432456751218,-5.000000054166666,5.000000054166666,0.000000000000000
-25.000000006249998,17.700237816519376,0.195642069805375,-44.999999958333326,5.000000054166666,0.000000000000000,-25.000000006250001,-13.992235716439685,12.853771907494112,-5.000000054166666,5.000000054166666,0.000000000000000
-25.000000006250005,17.714651468986723,0.432409574020352,-44.999999958333326,5.000000054166666,0.000000000000000,-25.000000006249998,-14.426312079706950,13.022290898017932,-5.000000054166666,5.000000054166666,0.000000000000000
-25.000000006250001,17.749074150272836,1.032680438583402,-44.999999958333326,5.000000054166666,0.000000000000000,-25.000000006250001,-14.864015471127482,13.131101742615961,-5.000000054166666,5.000000054166666,0.000000000000000
-25.000000006250001,17.802567818121883,1.604810035471446,-44.999999958333326,5.000000054166666,0.000000000000000,-25.000000006250005,-15.303377904669970,13.180873006274645,-5.000000054166666,5.000000054166666,0.000000000000000
-25.000000006249998,17.874196485115199,2.148860009799480,-44.999999958333326,5.000000054166666,0.000000000000000,-25.000000006250001,-15.742469954305021,13.172761489051538,-5.000000054166666,5.000000054166666,0.000000000000000
-25.000000006250001,17.963037592753114,2.665233229137405,-44.999999958333326,5.000000054166666,0.000000000000000,-25.000000006250001,-16.179414733387965,13.108343372488285,-5.000000054166666,5.000000054166666,0.000000000000000
-25.000000006249998,18.068190865834165,3.154598192431601,-44.999999958333326,5.000000054166666,0.000000000000000,-25.000000006250001,-16.612399647706894,12.989547429567939,-5.000000054166666,5.000000054166666,0.000000000000000
-25.000000006250009,18.188784892896212,3.617820811861411,-44.999999958333326,5.000000054166666,0.000000000000000,-25.000000006250001,-17.039686059618464,12.818592357347121,-5.000000054166666,5.000000054166666,0.000000000000000
-25.000000006250009,18.323981714124919,4.055904636861213,-44.999999958333326,5.000000054166666,0.000000000000000,-25.000000006249998,-17.459617044114932,12.597929534893945,-5.000000054166666,5.000000054166666,0.000000000000000
-25.000000006249998,18.472979708250410,4.469939823764653,-44.999999958333326,5.000000054166666,0.000000000000000,-25.000000006250001,-17.870623440068062,12.330191878593984,-5.000000054166666,5.000000054166666,0.000000000000000
-25.000000006249984,18.635015061662049,4.861060602349233,-44.999999958333326,5.000000054166666,0.000000000000000,-25.000000006249998,-18.271228405925893,12.018148975734917,-5.000000054166666,5.000000054166666,0.000000000000000
-25.000000006249998,18.809362082582449,5.230410627611997,-44.999999958333326,5.000000054166666,0.000000000000000,-25.000000006249998,-18.660050683287949,11.664668320861693,-5.000000054166666,5.000000054166666,0.000000000000000
